id;nome_completo;cpf;rg;data_nascimento
1;Car Regional;Wooden haptic ;Investment Lari;2022-09-13T22:46:02
2;Checking;Steel;Junction;2022-09-14T11:51:22
3;bus;solid;Bedfordshire tr;2022-09-14T12:55:56
4;enable withdrawal;Multi-layered;Data;2022-09-13T23:23:41
5;connecting reboot;Loan;EXE 24/365 inpu;2022-09-14T12:19:19
6;seamless Agent Coordinator;online;Samoa Manager D;2022-09-13T17:17:22
7;Mountain payment;blue;Plastic bypassi;2022-09-14T07:26:07
8;24/7;U.S. Assimilat;lime;2022-09-13T16:08:53
9;value-added;paradigms Chee;transition;2022-09-14T10:22:44
10;infrastructures;Account state;B2C solutions B;2022-09-14T00:39:23
